Solde au 24/05/2025 700,01 EUR

Date;Libellé;Débit euros;Crédit euros
01/05/2023;PAIEMENT PHARMACIE;76,84;
01/05/2023;ESSENCE STATION;42,57;
01/05/2023;PAIEMENT RESTAURANT;85,49;
02/05/2023;PAIEMENT RESTAURANT;69,24;
02/05/2023;PAIEMENT PAR CARTE SUPERMARCHÉ;25,53;
02/05/2023;RETRAIT DAB;12,14;
03/05/2023;ABONNEMENT NETFLIX;40,86;
03/05/2023;DONS ASSOCIATION;102,71;
04/05/2023;ABONNEMENT NETFLIX;98,86;
04/05/2023;DONS ASSOCIATION;90,24;
05/05/2023;ACHAT LIBRAIRIE;79,39;
05/05/2023;PAIEMENT PAR CARTE SUPERMARCHÉ;78,26;
06/05/2023;PAIEMENT PHARMACIE;12,27;
06/05/2023;PAIEMENT PHARMACIE;42,40;
06/05/2023;ESSENCE STATION;107,29;
07/05/2023;DONS ASSOCIATION;44,35;
07/05/2023;ACHAT LIBRAIRIE;25,61;
07/05/2023;ABONNEMENT NETFLIX;90,70;
08/05/2023;ABONNEMENT NETFLIX;18,43;
09/05/2023;PAIEMENT PHARMACIE;101,33;
09/05/2023;ACHAT LIBRAIRIE;46,28;
10/05/2023;PAIEMENT RESTAURANT;19,84;
10/05/2023;PAIEMENT PHARMACIE;35,92;
10/05/2023;ABONNEMENT NETFLIX;68,46;
11/05/2023;ABONNEMENT NETFLIX;4,06;
11/05/2023;RETRAIT DAB;62,66;
11/05/2023;ESSENCE STATION;60,31;
12/05/2023;DONS ASSOCIATION;13,08;
12/05/2023;ESSENCE STATION;66,94;
12/05/2023;DONS ASSOCIATION;96,51;
13/05/2023;RETRAIT DAB;102,71;
14/05/2023;PAIEMENT PHARMACIE;85,56;
14/05/2023;PAIEMENT PAR CARTE SUPERMARCHÉ;68,76;
15/05/2023;DONS ASSOCIATION;79,14;
15/05/2023;PAIEMENT PAR CARTE SUPERMARCHÉ;107,56;
16/05/2023;ABONNEMENT NETFLIX;77,13;
16/05/2023;PAIEMENT RESTAURANT;56,90;
17/05/2023;DONS ASSOCIATION;23,87;
17/05/2023;PAIEMENT PAR CARTE SUPERMARCHÉ;88,94;
18/05/2023;ACHAT LIBRAIRIE;102,69;
19/05/2023;ACHAT LIBRAIRIE;56,57;
20/05/2023;ABONNEMENT NETFLIX;73,13;
20/05/2023;PAIEMENT PAR CARTE SUPERMARCHÉ;3,70;
20/05/2023;RETRAIT DAB;41,27;
21/05/2023;PAIEMENT PHARMACIE;18,89;
21/05/2023;PAIEMENT PHARMACIE;58,28;
21/05/2023;RETRAIT DAB;68,29;
22/05/2023;PAIEMENT PAR CARTE SUPERMARCHÉ;81,83;
22/05/2023;ESSENCE STATION;72,59;
22/05/2023;ESSENCE STATION;54,81;
23/05/2023;RETRAIT DAB;22,22;
24/05/2023;PAIEMENT PAR CARTE SUPERMARCHÉ;77,27;
24/05/2023;PAIEMENT PHARMACIE;35,83;
24/05/2023;RETRAIT DAB;6,33;
25/05/2023;VERSEMENT SALAIRE;;1927,42
26/05/2023;DONS ASSOCIATION;73,66;
26/05/2023;PAIEMENT RESTAURANT;17,91;
26/05/2023;ACHAT LIBRAIRIE;21,73;
27/05/2023;PAIEMENT RESTAURANT;16,12;
28/05/2023;PAIEMENT RESTAURANT;96,31;
28/05/2023;PAIEMENT PHARMACIE;17,03;
29/05/2023;PAIEMENT PAR CARTE SUPERMARCHÉ;84,70;
29/05/2023;ESSENCE STATION;50,54;
29/05/2023;DONS ASSOCIATION;85,01;
30/05/2023;DONS ASSOCIATION;50,18;
31/05/2023;ESSENCE STATION;51,50;
31/05/2023;ESSENCE STATION;100,70;
31/05/2023;ACHAT LIBRAIRIE;30,89;
01/06/2023;ACHAT LIBRAIRIE;103,09;
01/06/2023;PAIEMENT PAR CARTE SUPERMARCHÉ;60,81;
01/06/2023;PAIEMENT PAR CARTE SUPERMARCHÉ;110,33;
02/06/2023;DONS ASSOCIATION;82,81;
03/06/2023;DONS ASSOCIATION;25,67;
03/06/2023;ESSENCE STATION;16,98;
04/06/2023;PAIEMENT RESTAURANT;98,87;
05/06/2023;PAIEMENT RESTAURANT;78,84;
05/06/2023;PAIEMENT PHARMACIE;32,48;
06/06/2023;RETRAIT DAB;16,84;
06/06/2023;ABONNEMENT NETFLIX;108,22;
07/06/2023;PAIEMENT RESTAURANT;103,39;
07/06/2023;PAIEMENT PAR CARTE SUPERMARCHÉ;73,04;
07/06/2023;PAIEMENT PAR CARTE SUPERMARCHÉ;60,66;
08/06/2023;DONS ASSOCIATION;40,91;
08/06/2023;DONS ASSOCIATION;82,70;
08/06/2023;PAIEMENT PHARMACIE;24,46;
09/06/2023;ACHAT LIBRAIRIE;52,49;
10/06/2023;ABONNEMENT NETFLIX;59,89;
10/06/2023;PAIEMENT PHARMACIE;81,01;
10/06/2023;PAIEMENT PHARMACIE;48,76;
11/06/2023;ABONNEMENT NETFLIX;6,41;
11/06/2023;ACHAT LIBRAIRIE;93,94;
11/06/2023;RETRAIT DAB;104,36;
12/06/2023;PAIEMENT PHARMACIE;23,45;
13/06/2023;DONS ASSOCIATION;35,19;
13/06/2023;ACHAT LIBRAIRIE;68,45;
14/06/2023;ABONNEMENT NETFLIX;25,66;
14/06/2023;ABONNEMENT NETFLIX;108,42;
15/06/2023;PAIEMENT PAR CARTE SUPERMARCHÉ;36,43;
15/06/2023;DONS ASSOCIATION;78,01;
16/06/2023;ACHAT LIBRAIRIE;109,14;
17/06/2023;ABONNEMENT NETFLIX;13,09;
18/06/2023;ESSENCE STATION;8,89;
18/06/2023;PAIEMENT PAR CARTE SUPERMARCHÉ;40,80;
19/06/2023;ACHAT LIBRAIRIE;9,48;
19/06/2023;ABONNEMENT NETFLIX;33,96;
19/06/2023;ACHAT LIBRAIRIE;74,15;
20/06/2023;PAIEMENT PAR CARTE SUPERMARCHÉ;57,61;
20/06/2023;PAIEMENT RESTAURANT;99,63;
21/06/2023;PAIEMENT PHARMACIE;68,70;
21/06/2023;DONS ASSOCIATION;48,46;
22/06/2023;DONS ASSOCIATION;15,39;
23/06/2023;PAIEMENT RESTAURANT;97,77;
23/06/2023;PAIEMENT PHARMACIE;57,07;
23/06/2023;PAIEMENT PHARMACIE;35,56;
24/06/2023;DONS ASSOCIATION;10,74;
24/06/2023;DONS ASSOCIATION;40,15;
24/06/2023;PAIEMENT PAR CARTE SUPERMARCHÉ;102,81;
25/06/2023;VERSEMENT SALAIRE;;2497,69
26/06/2023;DONS ASSOCIATION;47,12;
26/06/2023;RETRAIT DAB;104,05;
26/06/2023;ACHAT LIBRAIRIE;28,83;
27/06/2023;RETRAIT DAB;80,21;
28/06/2023;ACHAT LIBRAIRIE;72,65;
28/06/2023;DONS ASSOCIATION;81,09;
29/06/2023;DONS ASSOCIATION;58,70;
30/06/2023;ABONNEMENT NETFLIX;18,74;
30/06/2023;ACHAT LIBRAIRIE;10,41;
01/07/2023;DONS ASSOCIATION;14,82;
02/07/2023;PAIEMENT PAR CARTE SUPERMARCHÉ;93,41;
03/07/2023;ESSENCE STATION;85,63;
03/07/2023;PAIEMENT PHARMACIE;58,39;
04/07/2023;DONS ASSOCIATION;109,81;
05/07/2023;PAIEMENT PHARMACIE;100,02;
05/07/2023;DONS ASSOCIATION;52,20;
06/07/2023;ESSENCE STATION;73,98;
06/07/2023;PAIEMENT PAR CARTE SUPERMARCHÉ;5,05;
07/07/2023;RETRAIT DAB;6,29;
07/07/2023;ABONNEMENT NETFLIX;81,86;
07/07/2023;DONS ASSOCIATION;80,15;
08/07/2023;DONS ASSOCIATION;38,88;
09/07/2023;PAIEMENT PAR CARTE SUPERMARCHÉ;22,64;
09/07/2023;DONS ASSOCIATION;28,67;
10/07/2023;ABONNEMENT NETFLIX;43,53;
10/07/2023;ABONNEMENT NETFLIX;35,13;
10/07/2023;ABONNEMENT NETFLIX;15,17;
11/07/2023;ESSENCE STATION;16,43;
11/07/2023;RETRAIT DAB;47,39;
11/07/2023;RETRAIT DAB;69,69;
12/07/2023;RETRAIT DAB;28,61;
13/07/2023;PAIEMENT RESTAURANT;96,76;
14/07/2023;RETRAIT DAB;6,52;
14/07/2023;ABONNEMENT NETFLIX;24,47;
15/07/2023;DONS ASSOCIATION;24,38;
15/07/2023;PAIEMENT PAR CARTE SUPERMARCHÉ;93,77;
16/07/2023;ABONNEMENT NETFLIX;96,38;
16/07/2023;PAIEMENT PHARMACIE;49,88;
17/07/2023;DONS ASSOCIATION;95,19;
17/07/2023;PAIEMENT PHARMACIE;51,20;
17/07/2023;ESSENCE STATION;63,27;
18/07/2023;RETRAIT DAB;34,83;
18/07/2023;ESSENCE STATION;93,76;
19/07/2023;PAIEMENT PAR CARTE SUPERMARCHÉ;28,45;
20/07/2023;PAIEMENT RESTAURANT;62,43;
20/07/2023;RETRAIT DAB;47,30;
21/07/2023;ESSENCE STATION;94,19;
22/07/2023;ESSENCE STATION;102,57;
23/07/2023;ESSENCE STATION;23,01;
24/07/2023;PAIEMENT PHARMACIE;48,95;
24/07/2023;PAIEMENT RESTAURANT;77,39;
24/07/2023;RETRAIT DAB;38,77;
25/07/2023;VERSEMENT SALAIRE;;1589,41
25/07/2023;PAIEMENT PHARMACIE;59,01;
26/07/2023;RETRAIT DAB;5,98;
26/07/2023;RETRAIT DAB;43,08;
27/07/2023;ACHAT LIBRAIRIE;24,26;
28/07/2023;PAIEMENT PHARMACIE;58,12;
28/07/2023;RETRAIT DAB;34,74;
29/07/2023;DONS ASSOCIATION;87,45;
29/07/2023;PAIEMENT PAR CARTE SUPERMARCHÉ;54,97;
29/07/2023;PAIEMENT PAR CARTE SUPERMARCHÉ;96,25;
30/07/2023;ESSENCE STATION;21,14;
30/07/2023;PAIEMENT PHARMACIE;41,65;
30/07/2023;ESSENCE STATION;73,92;
31/07/2023;ABONNEMENT NETFLIX;60,49;
01/08/2023;PAIEMENT PHARMACIE;9,96;
01/08/2023;RETRAIT DAB;45,43;
01/08/2023;ACHAT LIBRAIRIE;73,48;
02/08/2023;ACHAT LIBRAIRIE;52,83;
03/08/2023;PAIEMENT RESTAURANT;50,91;
03/08/2023;DONS ASSOCIATION;39,61;
03/08/2023;RETRAIT DAB;29,22;
04/08/2023;RETRAIT DAB;22,38;
05/08/2023;ACHAT LIBRAIRIE;43,09;
06/08/2023;ABONNEMENT NETFLIX;55,52;
06/08/2023;PAIEMENT PHARMACIE;71,87;
06/08/2023;ACHAT LIBRAIRIE;83,69;
07/08/2023;DONS ASSOCIATION;88,89;
07/08/2023;ACHAT LIBRAIRIE;38,05;
07/08/2023;PAIEMENT PAR CARTE SUPERMARCHÉ;46,99;
08/08/2023;ABONNEMENT NETFLIX;33,94;
09/08/2023;PAIEMENT PAR CARTE SUPERMARCHÉ;66,39;
09/08/2023;ABONNEMENT NETFLIX;98,07;
09/08/2023;ACHAT LIBRAIRIE;50,27;
10/08/2023;ABONNEMENT NETFLIX;110,43;
11/08/2023;ACHAT LIBRAIRIE;93,72;
11/08/2023;DONS ASSOCIATION;99,86;
11/08/2023;ABONNEMENT NETFLIX;69,47;
12/08/2023;ESSENCE STATION;51,30;
13/08/2023;PAIEMENT PHARMACIE;90,68;
13/08/2023;PAIEMENT PHARMACIE;34,35;
14/08/2023;PAIEMENT PAR CARTE SUPERMARCHÉ;16,64;
14/08/2023;PAIEMENT PAR CARTE SUPERMARCHÉ;22,50;
14/08/2023;PAIEMENT PAR CARTE SUPERMARCHÉ;60,17;
15/08/2023;PAIEMENT PAR CARTE SUPERMARCHÉ;58,39;
16/08/2023;PAIEMENT PHARMACIE;97,54;
16/08/2023;RETRAIT DAB;71,00;
17/08/2023;DONS ASSOCIATION;27,78;
17/08/2023;ESSENCE STATION;29,97;
18/08/2023;PAIEMENT PAR CARTE SUPERMARCHÉ;84,92;
19/08/2023;DONS ASSOCIATION;14,55;
20/08/2023;ESSENCE STATION;97,74;
20/08/2023;RETRAIT DAB;52,00;
21/08/2023;DONS ASSOCIATION;96,66;
22/08/2023;PAIEMENT RESTAURANT;90,46;
22/08/2023;PAIEMENT PAR CARTE SUPERMARCHÉ;100,74;
23/08/2023;DONS ASSOCIATION;73,56;
23/08/2023;RETRAIT DAB;23,41;
24/08/2023;PAIEMENT PHARMACIE;108,66;
25/08/2023;VERSEMENT SALAIRE;;2370,57
25/08/2023;VERSEMENT SALAIRE;;1214,85
25/08/2023;VERSEMENT SALAIRE;;1379,59
26/08/2023;RETRAIT DAB;19,84;
27/08/2023;ESSENCE STATION;77,75;
27/08/2023;ACHAT LIBRAIRIE;47,46;
28/08/2023;ABONNEMENT NETFLIX;98,37;
28/08/2023;PAIEMENT PHARMACIE;71,66;
29/08/2023;RETRAIT DAB;64,99;
29/08/2023;DONS ASSOCIATION;32,15;
29/08/2023;PAIEMENT PHARMACIE;7,81;
30/08/2023;ABONNEMENT NETFLIX;82,82;
30/08/2023;PAIEMENT PAR CARTE SUPERMARCHÉ;77,01;
30/08/2023;ACHAT LIBRAIRIE;11,69;
31/08/2023;ABONNEMENT NETFLIX;86,31;
31/08/2023;RETRAIT DAB;44,69;
01/09/2023;RETRAIT DAB;54,87;
01/09/2023;ACHAT LIBRAIRIE;19,49;
02/09/2023;PAIEMENT PAR CARTE SUPERMARCHÉ;16,26;
02/09/2023;PAIEMENT RESTAURANT;15,03;
02/09/2023;RETRAIT DAB;50,99;
03/09/2023;PAIEMENT PAR CARTE SUPERMARCHÉ;8,28;
04/09/2023;ACHAT LIBRAIRIE;81,63;
04/09/2023;PAIEMENT PAR CARTE SUPERMARCHÉ;72,34;
05/09/2023;RETRAIT DAB;5,38;
06/09/2023;ACHAT LIBRAIRIE;62,63;
06/09/2023;ABONNEMENT NETFLIX;92,91;
06/09/2023;ESSENCE STATION;58,23;
07/09/2023;ABONNEMENT NETFLIX;10,11;
07/09/2023;RETRAIT DAB;110,23;
08/09/2023;DONS ASSOCIATION;41,20;
08/09/2023;DONS ASSOCIATION;11,78;
08/09/2023;PAIEMENT RESTAURANT;41,67;
09/09/2023;DONS ASSOCIATION;107,04;
09/09/2023;PAIEMENT PAR CARTE SUPERMARCHÉ;36,12;
10/09/2023;RETRAIT DAB;27,90;
10/09/2023;RETRAIT DAB;89,15;
11/09/2023;DONS ASSOCIATION;93,56;
11/09/2023;ESSENCE STATION;66,94;
11/09/2023;ABONNEMENT NETFLIX;9,38;
12/09/2023;PAIEMENT PHARMACIE;90,15;
12/09/2023;ABONNEMENT NETFLIX;70,05;
13/09/2023;RETRAIT DAB;12,78;
13/09/2023;PAIEMENT PAR CARTE SUPERMARCHÉ;46,46;
13/09/2023;ABONNEMENT NETFLIX;88,71;
14/09/2023;ACHAT LIBRAIRIE;72,73;
14/09/2023;RETRAIT DAB;51,76;
14/09/2023;ABONNEMENT NETFLIX;105,31;
15/09/2023;PAIEMENT PHARMACIE;41,51;
15/09/2023;PAIEMENT PAR CARTE SUPERMARCHÉ;95,41;
15/09/2023;DONS ASSOCIATION;52,37;
16/09/2023;ABONNEMENT NETFLIX;88,77;
16/09/2023;PAIEMENT PAR CARTE SUPERMARCHÉ;91,05;
17/09/2023;PAIEMENT PHARMACIE;15,87;
18/09/2023;ESSENCE STATION;34,69;
18/09/2023;PAIEMENT PHARMACIE;99,54;
19/09/2023;ABONNEMENT NETFLIX;39,11;
20/09/2023;ESSENCE STATION;90,25;
20/09/2023;ESSENCE STATION;60,83;
21/09/2023;PAIEMENT RESTAURANT;5,00;
22/09/2023;PAIEMENT PAR CARTE SUPERMARCHÉ;9,92;
23/09/2023;PAIEMENT PAR CARTE SUPERMARCHÉ;45,23;
24/09/2023;PAIEMENT PHARMACIE;49,96;
25/09/2023;VERSEMENT SALAIRE;;1467,15
25/09/2023;VERSEMENT SALAIRE;;1855,21
25/09/2023;VERSEMENT SALAIRE;;1585,13
26/09/2023;PAIEMENT RESTAURANT;29,43;
27/09/2023;PAIEMENT RESTAURANT;99,60;
27/09/2023;PAIEMENT RESTAURANT;93,55;
28/09/2023;ACHAT LIBRAIRIE;109,85;
28/09/2023;DONS ASSOCIATION;85,19;
28/09/2023;DONS ASSOCIATION;35,37;
29/09/2023;ABONNEMENT NETFLIX;57,67;
30/09/2023;RETRAIT DAB;47,23;
01/10/2023;ABONNEMENT NETFLIX;77,07;
01/10/2023;PAIEMENT PHARMACIE;106,30;
02/10/2023;PAIEMENT PAR CARTE SUPERMARCHÉ;4,82;
03/10/2023;DONS ASSOCIATION;22,63;
04/10/2023;PAIEMENT RESTAURANT;38,15;
04/10/2023;PAIEMENT RESTAURANT;22,57;
05/10/2023;ACHAT LIBRAIRIE;105,78;
06/10/2023;ACHAT LIBRAIRIE;95,04;
06/10/2023;DONS ASSOCIATION;38,69;
07/10/2023;RETRAIT DAB;100,95;
07/10/2023;PAIEMENT PHARMACIE;89,96;
08/10/2023;DONS ASSOCIATION;10,59;
08/10/2023;ESSENCE STATION;109,96;
09/10/2023;ACHAT LIBRAIRIE;21,93;
09/10/2023;PAIEMENT RESTAURANT;107,91;
10/10/2023;DONS ASSOCIATION;83,44;
10/10/2023;PAIEMENT RESTAURANT;84,62;
11/10/2023;PAIEMENT PHARMACIE;59,09;
12/10/2023;PAIEMENT PHARMACIE;86,90;
13/10/2023;ABONNEMENT NETFLIX;96,91;
13/10/2023;PAIEMENT RESTAURANT;53,26;
13/10/2023;ACHAT LIBRAIRIE;78,56;
14/10/2023;ABONNEMENT NETFLIX;53,55;
14/10/2023;RETRAIT DAB;93,03;
14/10/2023;RETRAIT DAB;104,73;
15/10/2023;RETRAIT DAB;21,99;
15/10/2023;ABONNEMENT NETFLIX;91,97;
15/10/2023;ACHAT LIBRAIRIE;53,82;
16/10/2023;RETRAIT DAB;42,11;
17/10/2023;ACHAT LIBRAIRIE;26,07;
17/10/2023;RETRAIT DAB;106,19;
17/10/2023;ACHAT LIBRAIRIE;35,51;
18/10/2023;ACHAT LIBRAIRIE;86,85;
18/10/2023;DONS ASSOCIATION;97,31;
18/10/2023;DONS ASSOCIATION;55,13;
19/10/2023;RETRAIT DAB;11,39;
19/10/2023;ACHAT LIBRAIRIE;26,13;
19/10/2023;PAIEMENT PAR CARTE SUPERMARCHÉ;99,88;
20/10/2023;ABONNEMENT NETFLIX;11,53;
21/10/2023;PAIEMENT PAR CARTE SUPERMARCHÉ;48,15;
22/10/2023;ACHAT LIBRAIRIE;26,69;
22/10/2023;PAIEMENT RESTAURANT;85,39;
23/10/2023;RETRAIT DAB;36,02;
23/10/2023;ACHAT LIBRAIRIE;65,86;
23/10/2023;ESSENCE STATION;37,33;
24/10/2023;PAIEMENT PAR CARTE SUPERMARCHÉ;49,92;
24/10/2023;PAIEMENT RESTAURANT;49,63;
24/10/2023;ACHAT LIBRAIRIE;23,06;
25/10/2023;VERSEMENT SALAIRE;;2314,15
26/10/2023;PAIEMENT RESTAURANT;43,33;
26/10/2023;ABONNEMENT NETFLIX;92,04;
27/10/2023;RETRAIT DAB;44,79;
27/10/2023;PAIEMENT RESTAURANT;42,78;
28/10/2023;DONS ASSOCIATION;9,82;
28/10/2023;DONS ASSOCIATION;4,41;
28/10/2023;PAIEMENT RESTAURANT;60,15;
29/10/2023;RETRAIT DAB;31,86;
30/10/2023;ABONNEMENT NETFLIX;87,10;
30/10/2023;PAIEMENT RESTAURANT;94,93;
31/10/2023;ABONNEMENT NETFLIX;28,51;
31/10/2023;PAIEMENT PAR CARTE SUPERMARCHÉ;58,72;
01/11/2023;PAIEMENT PAR CARTE SUPERMARCHÉ;68,67;
01/11/2023;RETRAIT DAB;71,21;
02/11/2023;DONS ASSOCIATION;70,01;
03/11/2023;RETRAIT DAB;72,11;
03/11/2023;PAIEMENT PAR CARTE SUPERMARCHÉ;21,47;
04/11/2023;PAIEMENT PAR CARTE SUPERMARCHÉ;49,21;
05/11/2023;RETRAIT DAB;100,73;
06/11/2023;RETRAIT DAB;77,58;
06/11/2023;PAIEMENT PAR CARTE SUPERMARCHÉ;26,58;
07/11/2023;PAIEMENT RESTAURANT;82,80;
07/11/2023;RETRAIT DAB;78,99;
08/11/2023;DONS ASSOCIATION;62,50;
08/11/2023;PAIEMENT PAR CARTE SUPERMARCHÉ;44,24;
09/11/2023;DONS ASSOCIATION;24,28;
09/11/2023;ACHAT LIBRAIRIE;25,36;
10/11/2023;PAIEMENT PAR CARTE SUPERMARCHÉ;86,90;
10/11/2023;PAIEMENT PAR CARTE SUPERMARCHÉ;78,30;
10/11/2023;PAIEMENT RESTAURANT;94,31;
11/11/2023;DONS ASSOCIATION;17,64;
11/11/2023;ESSENCE STATION;24,92;
11/11/2023;PAIEMENT PHARMACIE;108,39;
12/11/2023;PAIEMENT PAR CARTE SUPERMARCHÉ;46,79;
12/11/2023;ABONNEMENT NETFLIX;75,58;
13/11/2023;ESSENCE STATION;12,61;
13/11/2023;PAIEMENT RESTAURANT;110,33;
14/11/2023;ACHAT LIBRAIRIE;55,74;
14/11/2023;PAIEMENT PAR CARTE SUPERMARCHÉ;76,25;
15/11/2023;ABONNEMENT NETFLIX;46,63;
15/11/2023;PAIEMENT PHARMACIE;93,74;
16/11/2023;PAIEMENT PHARMACIE;51,03;
17/11/2023;ESSENCE STATION;84,72;
17/11/2023;PAIEMENT RESTAURANT;57,58;
17/11/2023;PAIEMENT RESTAURANT;56,81;
18/11/2023;DONS ASSOCIATION;26,45;
18/11/2023;PAIEMENT PAR CARTE SUPERMARCHÉ;45,19;
18/11/2023;ABONNEMENT NETFLIX;32,47;
19/11/2023;ACHAT LIBRAIRIE;28,59;
20/11/2023;ACHAT LIBRAIRIE;51,89;
20/11/2023;PAIEMENT PHARMACIE;69,79;
21/11/2023;ACHAT LIBRAIRIE;7,90;
22/11/2023;PAIEMENT PHARMACIE;62,48;
22/11/2023;PAIEMENT PHARMACIE;21,25;
23/11/2023;ESSENCE STATION;17,03;
23/11/2023;ESSENCE STATION;30,02;
23/11/2023;ABONNEMENT NETFLIX;35,36;
24/11/2023;ESSENCE STATION;72,62;
24/11/2023;PAIEMENT RESTAURANT;71,38;
24/11/2023;ABONNEMENT NETFLIX;45,88;
25/11/2023;VERSEMENT SALAIRE;;1870,78
26/11/2023;PAIEMENT RESTAURANT;28,25;
26/11/2023;PAIEMENT PHARMACIE;13,26;
27/11/2023;DONS ASSOCIATION;27,77;
27/11/2023;PAIEMENT PAR CARTE SUPERMARCHÉ;47,96;
28/11/2023;ESSENCE STATION;27,70;
29/11/2023;ESSENCE STATION;37,03;
29/11/2023;PAIEMENT PAR CARTE SUPERMARCHÉ;31,48;
29/11/2023;PAIEMENT PHARMACIE;91,71;
30/11/2023;PAIEMENT PHARMACIE;82,79;
30/11/2023;ESSENCE STATION;70,25;
01/12/2023;ACHAT LIBRAIRIE;38,20;
02/12/2023;PAIEMENT RESTAURANT;103,92;
02/12/2023;PAIEMENT PAR CARTE SUPERMARCHÉ;92,50;
03/12/2023;RETRAIT DAB;80,49;
03/12/2023;ABONNEMENT NETFLIX;6,38;
04/12/2023;RETRAIT DAB;104,76;
04/12/2023;PAIEMENT PHARMACIE;24,02;
05/12/2023;ACHAT LIBRAIRIE;110,17;
05/12/2023;ACHAT LIBRAIRIE;47,10;
05/12/2023;PAIEMENT PAR CARTE SUPERMARCHÉ;79,29;
06/12/2023;PAIEMENT PHARMACIE;43,50;
07/12/2023;ESSENCE STATION;98,27;
07/12/2023;ABONNEMENT NETFLIX;53,21;
07/12/2023;ACHAT LIBRAIRIE;54,24;
08/12/2023;PAIEMENT PAR CARTE SUPERMARCHÉ;81,01;
08/12/2023;PAIEMENT RESTAURANT;29,98;
08/12/2023;ESSENCE STATION;104,21;
09/12/2023;RETRAIT DAB;57,55;
09/12/2023;PAIEMENT PHARMACIE;76,87;
10/12/2023;ACHAT LIBRAIRIE;11,41;
10/12/2023;PAIEMENT RESTAURANT;102,28;
10/12/2023;RETRAIT DAB;62,86;
11/12/2023;PAIEMENT PAR CARTE SUPERMARCHÉ;57,42;
11/12/2023;PAIEMENT PAR CARTE SUPERMARCHÉ;51,03;
12/12/2023;ESSENCE STATION;54,00;
13/12/2023;DONS ASSOCIATION;32,57;
13/12/2023;PAIEMENT PHARMACIE;41,50;
13/12/2023;PAIEMENT PHARMACIE;51,99;
14/12/2023;ABONNEMENT NETFLIX;27,98;
14/12/2023;PAIEMENT RESTAURANT;90,03;
14/12/2023;PAIEMENT RESTAURANT;30,01;
15/12/2023;DONS ASSOCIATION;93,65;
15/12/2023;RETRAIT DAB;59,66;
16/12/2023;ABONNEMENT NETFLIX;94,54;
17/12/2023;ACHAT LIBRAIRIE;49,56;
17/12/2023;PAIEMENT PAR CARTE SUPERMARCHÉ;28,50;
18/12/2023;PAIEMENT PHARMACIE;57,55;
18/12/2023;PAIEMENT PAR CARTE SUPERMARCHÉ;62,12;
18/12/2023;PAIEMENT RESTAURANT;72,87;
19/12/2023;ABONNEMENT NETFLIX;40,15;
20/12/2023;ESSENCE STATION;95,60;
20/12/2023;PAIEMENT PAR CARTE SUPERMARCHÉ;59,92;
21/12/2023;PAIEMENT PAR CARTE SUPERMARCHÉ;16,77;
21/12/2023;RETRAIT DAB;80,64;
21/12/2023;ESSENCE STATION;93,83;
22/12/2023;RETRAIT DAB;69,93;
23/12/2023;ESSENCE STATION;47,89;
23/12/2023;RETRAIT DAB;16,23;
24/12/2023;PAIEMENT PAR CARTE SUPERMARCHÉ;72,39;
24/12/2023;ABONNEMENT NETFLIX;41,95;
24/12/2023;ABONNEMENT NETFLIX;98,14;
25/12/2023;VERSEMENT SALAIRE;;1205,53
25/12/2023;VERSEMENT SALAIRE;;1335,03
26/12/2023;PAIEMENT RESTAURANT;87,00;
27/12/2023;ESSENCE STATION;55,95;
28/12/2023;ESSENCE STATION;14,13;
29/12/2023;ABONNEMENT NETFLIX;80,68;
29/12/2023;PAIEMENT PAR CARTE SUPERMARCHÉ;102,63;
29/12/2023;DONS ASSOCIATION;19,84;
30/12/2023;PAIEMENT PAR CARTE SUPERMARCHÉ;76,95;
30/12/2023;ABONNEMENT NETFLIX;92,98;
30/12/2023;ESSENCE STATION;46,72;
31/12/2023;ABONNEMENT NETFLIX;38,77;
31/12/2023;ACHAT LIBRAIRIE;103,97;
01/01/2024;ESSENCE STATION;45,39;
01/01/2024;PAIEMENT PHARMACIE;108,38;
02/01/2024;ABONNEMENT NETFLIX;92,84;
02/01/2024;ACHAT LIBRAIRIE;28,66;
03/01/2024;ACHAT LIBRAIRIE;31,17;
04/01/2024;PAIEMENT PAR CARTE SUPERMARCHÉ;86,62;
04/01/2024;ACHAT LIBRAIRIE;7,42;
05/01/2024;ESSENCE STATION;61,07;
05/01/2024;PAIEMENT RESTAURANT;5,80;
05/01/2024;PAIEMENT RESTAURANT;74,86;
06/01/2024;DONS ASSOCIATION;49,10;
06/01/2024;ABONNEMENT NETFLIX;82,26;
06/01/2024;PAIEMENT PAR CARTE SUPERMARCHÉ;13,82;
07/01/2024;ABONNEMENT NETFLIX;24,86;
07/01/2024;RETRAIT DAB;88,73;
07/01/2024;ABONNEMENT NETFLIX;62,14;
08/01/2024;ACHAT LIBRAIRIE;7,53;
08/01/2024;PAIEMENT RESTAURANT;9,02;
09/01/2024;RETRAIT DAB;37,82;
09/01/2024;ABONNEMENT NETFLIX;89,12;
10/01/2024;PAIEMENT PHARMACIE;89,73;
11/01/2024;RETRAIT DAB;67,47;
11/01/2024;ESSENCE STATION;73,82;
12/01/2024;ESSENCE STATION;51,30;
13/01/2024;PAIEMENT RESTAURANT;10,46;
14/01/2024;PAIEMENT PAR CARTE SUPERMARCHÉ;12,60;
15/01/2024;PAIEMENT PAR CARTE SUPERMARCHÉ;20,51;
15/01/2024;RETRAIT DAB;67,15;
16/01/2024;DONS ASSOCIATION;18,66;
17/01/2024;DONS ASSOCIATION;43,04;
17/01/2024;PAIEMENT PHARMACIE;89,57;
18/01/2024;PAIEMENT PAR CARTE SUPERMARCHÉ;110,38;
18/01/2024;PAIEMENT RESTAURANT;89,03;
19/01/2024;RETRAIT DAB;73,05;
19/01/2024;RETRAIT DAB;96,00;
19/01/2024;ACHAT LIBRAIRIE;92,36;
20/01/2024;PAIEMENT PHARMACIE;41,65;
20/01/2024;ABONNEMENT NETFLIX;33,27;
20/01/2024;PAIEMENT PHARMACIE;6,42;
21/01/2024;ABONNEMENT NETFLIX;58,02;
22/01/2024;ACHAT LIBRAIRIE;25,72;
22/01/2024;ABONNEMENT NETFLIX;47,44;
22/01/2024;PAIEMENT PHARMACIE;65,47;
23/01/2024;ACHAT LIBRAIRIE;4,79;
23/01/2024;DONS ASSOCIATION;82,06;
24/01/2024;ACHAT LIBRAIRIE;80,56;
25/01/2024;VERSEMENT SALAIRE;;1737,81
26/01/2024;PAIEMENT PAR CARTE SUPERMARCHÉ;87,94;
26/01/2024;PAIEMENT PHARMACIE;62,61;
26/01/2024;PAIEMENT RESTAURANT;12,83;
27/01/2024;ESSENCE STATION;63,87;
28/01/2024;PAIEMENT PHARMACIE;3,73;
28/01/2024;PAIEMENT RESTAURANT;62,88;
29/01/2024;DONS ASSOCIATION;108,56;
29/01/2024;PAIEMENT PHARMACIE;103,93;
30/01/2024;PAIEMENT PAR CARTE SUPERMARCHÉ;99,83;
30/01/2024;ESSENCE STATION;27,77;
31/01/2024;ACHAT LIBRAIRIE;43,24;
31/01/2024;PAIEMENT RESTAURANT;51,63;
31/01/2024;PAIEMENT PAR CARTE SUPERMARCHÉ;32,40;
01/02/2024;PAIEMENT PAR CARTE SUPERMARCHÉ;110,18;
01/02/2024;RETRAIT DAB;27,29;
02/02/2024;PAIEMENT RESTAURANT;67,49;
02/02/2024;DONS ASSOCIATION;15,10;
02/02/2024;PAIEMENT RESTAURANT;25,27;
03/02/2024;DONS ASSOCIATION;68,22;
03/02/2024;ACHAT LIBRAIRIE;63,50;
03/02/2024;ABONNEMENT NETFLIX;101,66;
04/02/2024;PAIEMENT RESTAURANT;70,42;
04/02/2024;PAIEMENT PAR CARTE SUPERMARCHÉ;72,20;
05/02/2024;PAIEMENT PHARMACIE;102,43;
06/02/2024;ABONNEMENT NETFLIX;65,30;
06/02/2024;ABONNEMENT NETFLIX;64,80;
06/02/2024;PAIEMENT RESTAURANT;22,12;
07/02/2024;PAIEMENT PAR CARTE SUPERMARCHÉ;9,66;
07/02/2024;ABONNEMENT NETFLIX;40,13;
07/02/2024;PAIEMENT RESTAURANT;33,10;
08/02/2024;PAIEMENT PHARMACIE;37,51;
09/02/2024;PAIEMENT PAR CARTE SUPERMARCHÉ;10,29;
10/02/2024;ABONNEMENT NETFLIX;32,79;
10/02/2024;ESSENCE STATION;85,36;
11/02/2024;PAIEMENT PHARMACIE;8,07;
11/02/2024;PAIEMENT PAR CARTE SUPERMARCHÉ;53,44;
12/02/2024;DONS ASSOCIATION;36,57;
12/02/2024;RETRAIT DAB;62,84;
13/02/2024;ABONNEMENT NETFLIX;107,80;
13/02/2024;RETRAIT DAB;58,45;
13/02/2024;DONS ASSOCIATION;63,58;
14/02/2024;ESSENCE STATION;109,60;
15/02/2024;PAIEMENT PAR CARTE SUPERMARCHÉ;106,70;
16/02/2024;ESSENCE STATION;23,85;
16/02/2024;PAIEMENT PHARMACIE;39,46;
17/02/2024;ABONNEMENT NETFLIX;79,76;
17/02/2024;ACHAT LIBRAIRIE;76,59;
18/02/2024;PAIEMENT PHARMACIE;17,10;
19/02/2024;RETRAIT DAB;60,55;
19/02/2024;ABONNEMENT NETFLIX;62,37;
20/02/2024;ACHAT LIBRAIRIE;86,14;
21/02/2024;ESSENCE STATION;64,61;
22/02/2024;PAIEMENT PAR CARTE SUPERMARCHÉ;24,10;
22/02/2024;ACHAT LIBRAIRIE;98,86;
23/02/2024;RETRAIT DAB;104,95;
23/02/2024;PAIEMENT PHARMACIE;29,99;
23/02/2024;PAIEMENT RESTAURANT;109,38;
24/02/2024;ACHAT LIBRAIRIE;83,68;
25/02/2024;VERSEMENT SALAIRE;;1940,43
25/02/2024;VERSEMENT SALAIRE;;1977,90
25/02/2024;VERSEMENT SALAIRE;;1235,65
26/02/2024;ESSENCE STATION;104,76;
26/02/2024;ACHAT LIBRAIRIE;49,20;
27/02/2024;ESSENCE STATION;40,91;
27/02/2024;DONS ASSOCIATION;44,37;
28/02/2024;PAIEMENT PHARMACIE;9,53;
29/02/2024;PAIEMENT RESTAURANT;84,48;
29/02/2024;PAIEMENT PHARMACIE;89,30;
29/02/2024;PAIEMENT RESTAURANT;58,34;
01/03/2024;ABONNEMENT NETFLIX;52,64;
01/03/2024;ESSENCE STATION;26,91;
02/03/2024;ABONNEMENT NETFLIX;72,82;
02/03/2024;ABONNEMENT NETFLIX;70,85;
02/03/2024;DONS ASSOCIATION;105,43;
03/03/2024;RETRAIT DAB;44,13;
04/03/2024;ESSENCE STATION;83,26;
04/03/2024;ACHAT LIBRAIRIE;79,51;
04/03/2024;DONS ASSOCIATION;58,65;
05/03/2024;PAIEMENT PAR CARTE SUPERMARCHÉ;100,25;
06/03/2024;PAIEMENT PHARMACIE;50,34;
07/03/2024;PAIEMENT PHARMACIE;26,87;
07/03/2024;PAIEMENT RESTAURANT;12,96;
07/03/2024;PAIEMENT PAR CARTE SUPERMARCHÉ;34,30;
08/03/2024;ESSENCE STATION;49,24;
09/03/2024;ACHAT LIBRAIRIE;98,67;
09/03/2024;PAIEMENT PAR CARTE SUPERMARCHÉ;98,51;
09/03/2024;DONS ASSOCIATION;77,18;
10/03/2024;PAIEMENT PHARMACIE;108,12;
11/03/2024;RETRAIT DAB;71,89;
12/03/2024;DONS ASSOCIATION;31,04;
12/03/2024;ABONNEMENT NETFLIX;20,37;
13/03/2024;ESSENCE STATION;6,71;
13/03/2024;ABONNEMENT NETFLIX;44,09;
13/03/2024;ESSENCE STATION;64,90;
14/03/2024;ACHAT LIBRAIRIE;12,21;
14/03/2024;PAIEMENT RESTAURANT;40,29;
14/03/2024;PAIEMENT PAR CARTE SUPERMARCHÉ;26,96;
15/03/2024;PAIEMENT RESTAURANT;21,23;
15/03/2024;ESSENCE STATION;19,70;
15/03/2024;RETRAIT DAB;50,62;
16/03/2024;ACHAT LIBRAIRIE;58,46;
17/03/2024;ABONNEMENT NETFLIX;9,27;
17/03/2024;ACHAT LIBRAIRIE;47,75;
18/03/2024;DONS ASSOCIATION;29,36;
18/03/2024;RETRAIT DAB;28,39;
19/03/2024;ABONNEMENT NETFLIX;93,69;
19/03/2024;PAIEMENT PAR CARTE SUPERMARCHÉ;11,52;
20/03/2024;PAIEMENT PHARMACIE;88,17;
21/03/2024;RETRAIT DAB;17,41;
22/03/2024;ABONNEMENT NETFLIX;108,53;
23/03/2024;ABONNEMENT NETFLIX;68,80;
23/03/2024;PAIEMENT PAR CARTE SUPERMARCHÉ;40,19;
23/03/2024;RETRAIT DAB;107,06;
24/03/2024;PAIEMENT RESTAURANT;51,16;
25/03/2024;VERSEMENT SALAIRE;;2149,29
26/03/2024;ESSENCE STATION;102,50;
26/03/2024;PAIEMENT PHARMACIE;67,15;
26/03/2024;DONS ASSOCIATION;9,52;
27/03/2024;ABONNEMENT NETFLIX;47,85;
27/03/2024;RETRAIT DAB;32,15;
28/03/2024;DONS ASSOCIATION;30,95;
28/03/2024;ESSENCE STATION;78,46;
29/03/2024;ABONNEMENT NETFLIX;47,87;
29/03/2024;ABONNEMENT NETFLIX;10,86;
29/03/2024;PAIEMENT RESTAURANT;80,69;
30/03/2024;RETRAIT DAB;85,44;
30/03/2024;PAIEMENT PAR CARTE SUPERMARCHÉ;57,53;
30/03/2024;DONS ASSOCIATION;9,19;
31/03/2024;ACHAT LIBRAIRIE;39,20;
31/03/2024;DONS ASSOCIATION;87,21;
31/03/2024;RETRAIT DAB;72,77;
01/04/2024;ABONNEMENT NETFLIX;14,22;
01/04/2024;PAIEMENT PAR CARTE SUPERMARCHÉ;42,74;
02/04/2024;PAIEMENT PAR CARTE SUPERMARCHÉ;100,17;
03/04/2024;ESSENCE STATION;31,64;
03/04/2024;PAIEMENT RESTAURANT;101,67;
04/04/2024;RETRAIT DAB;21,80;
04/04/2024;ESSENCE STATION;96,59;
05/04/2024;PAIEMENT RESTAURANT;32,43;
05/04/2024;PAIEMENT PHARMACIE;60,39;
05/04/2024;ESSENCE STATION;51,78;
06/04/2024;DONS ASSOCIATION;51,25;
06/04/2024;ACHAT LIBRAIRIE;46,37;
06/04/2024;ACHAT LIBRAIRIE;47,71;
07/04/2024;PAIEMENT PHARMACIE;12,91;
07/04/2024;PAIEMENT PAR CARTE SUPERMARCHÉ;56,34;
07/04/2024;ABONNEMENT NETFLIX;54,79;
08/04/2024;RETRAIT DAB;52,08;
08/04/2024;ACHAT LIBRAIRIE;37,51;
09/04/2024;PAIEMENT RESTAURANT;79,66;
09/04/2024;DONS ASSOCIATION;40,88;
09/04/2024;PAIEMENT PAR CARTE SUPERMARCHÉ;43,36;
10/04/2024;ABONNEMENT NETFLIX;53,05;
10/04/2024;PAIEMENT PAR CARTE SUPERMARCHÉ;55,13;
10/04/2024;ABONNEMENT NETFLIX;77,87;
11/04/2024;ESSENCE STATION;28,98;
11/04/2024;DONS ASSOCIATION;86,62;
12/04/2024;ACHAT LIBRAIRIE;28,01;
13/04/2024;ESSENCE STATION;33,06;
13/04/2024;PAIEMENT PAR CARTE SUPERMARCHÉ;67,33;
13/04/2024;DONS ASSOCIATION;87,24;
14/04/2024;RETRAIT DAB;57,05;
14/04/2024;ESSENCE STATION;90,88;
15/04/2024;PAIEMENT PHARMACIE;102,46;
15/04/2024;PAIEMENT RESTAURANT;95,21;
15/04/2024;PAIEMENT PAR CARTE SUPERMARCHÉ;56,07;
16/04/2024;ABONNEMENT NETFLIX;52,66;
16/04/2024;ACHAT LIBRAIRIE;75,65;
17/04/2024;ACHAT LIBRAIRIE;101,68;
17/04/2024;ESSENCE STATION;75,55;
18/04/2024;ABONNEMENT NETFLIX;48,62;
18/04/2024;DONS ASSOCIATION;17,02;
18/04/2024;PAIEMENT PHARMACIE;17,25;
19/04/2024;ABONNEMENT NETFLIX;32,69;
20/04/2024;ESSENCE STATION;85,12;
20/04/2024;ABONNEMENT NETFLIX;12,88;
20/04/2024;ACHAT LIBRAIRIE;17,48;
21/04/2024;DONS ASSOCIATION;49,42;
21/04/2024;ESSENCE STATION;46,80;
22/04/2024;PAIEMENT PHARMACIE;33,05;
22/04/2024;ESSENCE STATION;100,22;
22/04/2024;ABONNEMENT NETFLIX;6,58;
23/04/2024;RETRAIT DAB;19,23;
23/04/2024;ESSENCE STATION;90,20;
24/04/2024;ESSENCE STATION;85,72;
24/04/2024;RETRAIT DAB;53,78;
25/04/2024;VERSEMENT SALAIRE;;1495,99
25/04/2024;VERSEMENT SALAIRE;;2023,67
25/04/2024;VERSEMENT SALAIRE;;1984,31
26/04/2024;ESSENCE STATION;57,85;
27/04/2024;DONS ASSOCIATION;37,83;
27/04/2024;PAIEMENT PAR CARTE SUPERMARCHÉ;85,58;
27/04/2024;ACHAT LIBRAIRIE;99,91;
28/04/2024;PAIEMENT PAR CARTE SUPERMARCHÉ;34,21;
29/04/2024;RETRAIT DAB;74,33;
29/04/2024;PAIEMENT PHARMACIE;5,48;
30/04/2024;DONS ASSOCIATION;25,84;
01/05/2024;PAIEMENT RESTAURANT;71,63;
01/05/2024;ESSENCE STATION;53,79;
01/05/2024;ESSENCE STATION;92,47;
02/05/2024;ACHAT LIBRAIRIE;14,81;
02/05/2024;ESSENCE STATION;65,09;
03/05/2024;ABONNEMENT NETFLIX;26,35;
03/05/2024;PAIEMENT PHARMACIE;77,74;
03/05/2024;ABONNEMENT NETFLIX;98,03;
04/05/2024;PAIEMENT PHARMACIE;40,74;
04/05/2024;ABONNEMENT NETFLIX;79,78;
04/05/2024;RETRAIT DAB;20,93;
05/05/2024;PAIEMENT PHARMACIE;57,78;
05/05/2024;PAIEMENT PAR CARTE SUPERMARCHÉ;14,80;
05/05/2024;RETRAIT DAB;59,19;
06/05/2024;DONS ASSOCIATION;106,05;
06/05/2024;PAIEMENT RESTAURANT;109,53;
06/05/2024;ESSENCE STATION;101,85;
07/05/2024;PAIEMENT PHARMACIE;93,62;
07/05/2024;ABONNEMENT NETFLIX;42,06;
08/05/2024;PAIEMENT RESTAURANT;33,30;
08/05/2024;ACHAT LIBRAIRIE;103,11;
09/05/2024;PAIEMENT PAR CARTE SUPERMARCHÉ;28,83;
09/05/2024;DONS ASSOCIATION;52,65;
09/05/2024;DONS ASSOCIATION;108,59;
10/05/2024;ABONNEMENT NETFLIX;76,84;
10/05/2024;ESSENCE STATION;87,21;
10/05/2024;PAIEMENT PAR CARTE SUPERMARCHÉ;55,18;
11/05/2024;PAIEMENT PAR CARTE SUPERMARCHÉ;106,04;
11/05/2024;PAIEMENT PHARMACIE;19,33;
12/05/2024;DONS ASSOCIATION;14,88;
12/05/2024;ABONNEMENT NETFLIX;87,63;
13/05/2024;ACHAT LIBRAIRIE;49,64;
13/05/2024;ESSENCE STATION;72,90;
13/05/2024;DONS ASSOCIATION;20,38;
14/05/2024;ACHAT LIBRAIRIE;71,37;
14/05/2024;DONS ASSOCIATION;24,29;
14/05/2024;ABONNEMENT NETFLIX;53,30;
15/05/2024;PAIEMENT RESTAURANT;71,16;
16/05/2024;DONS ASSOCIATION;68,92;
16/05/2024;PAIEMENT RESTAURANT;23,14;
17/05/2024;ABONNEMENT NETFLIX;33,92;
18/05/2024;PAIEMENT RESTAURANT;78,06;
19/05/2024;PAIEMENT PAR CARTE SUPERMARCHÉ;24,87;
19/05/2024;DONS ASSOCIATION;8,11;
19/05/2024;ACHAT LIBRAIRIE;63,75;
20/05/2024;PAIEMENT PAR CARTE SUPERMARCHÉ;19,87;
21/05/2024;PAIEMENT PAR CARTE SUPERMARCHÉ;64,90;
22/05/2024;ESSENCE STATION;99,04;
22/05/2024;ABONNEMENT NETFLIX;107,46;
23/05/2024;PAIEMENT PAR CARTE SUPERMARCHÉ;60,99;
23/05/2024;DONS ASSOCIATION;12,25;
23/05/2024;PAIEMENT PHARMACIE;14,68;
24/05/2024;ESSENCE STATION;84,33;
25/05/2024;VERSEMENT SALAIRE;;1338,80
25/05/2024;VERSEMENT SALAIRE;;1447,67
25/05/2024;VERSEMENT SALAIRE;;1226,67
26/05/2024;RETRAIT DAB;82,54;
26/05/2024;ACHAT LIBRAIRIE;59,91;
26/05/2024;ABONNEMENT NETFLIX;35,16;
27/05/2024;ACHAT LIBRAIRIE;38,74;
28/05/2024;DONS ASSOCIATION;55,80;
29/05/2024;ESSENCE STATION;102,59;
29/05/2024;ABONNEMENT NETFLIX;7,65;
29/05/2024;DONS ASSOCIATION;45,62;
30/05/2024;ABONNEMENT NETFLIX;30,59;
30/05/2024;PAIEMENT PHARMACIE;26,57;
30/05/2024;RETRAIT DAB;50,88;
31/05/2024;ACHAT LIBRAIRIE;19,87;
01/06/2024;ACHAT LIBRAIRIE;92,73;
01/06/2024;PAIEMENT PHARMACIE;104,19;
02/06/2024;ABONNEMENT NETFLIX;18,78;
02/06/2024;DONS ASSOCIATION;15,93;
02/06/2024;ABONNEMENT NETFLIX;88,67;
03/06/2024;ABONNEMENT NETFLIX;40,71;
04/06/2024;PAIEMENT RESTAURANT;28,18;
04/06/2024;ABONNEMENT NETFLIX;107,30;
04/06/2024;ABONNEMENT NETFLIX;26,76;
05/06/2024;PAIEMENT RESTAURANT;95,25;
06/06/2024;PAIEMENT RESTAURANT;74,31;
06/06/2024;ESSENCE STATION;63,66;
07/06/2024;RETRAIT DAB;54,31;
08/06/2024;ESSENCE STATION;56,35;
08/06/2024;ACHAT LIBRAIRIE;85,84;
09/06/2024;PAIEMENT PHARMACIE;106,70;
09/06/2024;RETRAIT DAB;64,45;
09/06/2024;PAIEMENT PAR CARTE SUPERMARCHÉ;24,44;
10/06/2024;PAIEMENT PAR CARTE SUPERMARCHÉ;43,81;
11/06/2024;ESSENCE STATION;33,04;
12/06/2024;ACHAT LIBRAIRIE;86,81;
12/06/2024;ACHAT LIBRAIRIE;9,39;
12/06/2024;ACHAT LIBRAIRIE;97,62;
13/06/2024;PAIEMENT RESTAURANT;93,65;
13/06/2024;RETRAIT DAB;102,50;
14/06/2024;ACHAT LIBRAIRIE;87,11;
14/06/2024;PAIEMENT PAR CARTE SUPERMARCHÉ;90,64;
15/06/2024;RETRAIT DAB;80,56;
16/06/2024;ABONNEMENT NETFLIX;99,83;
17/06/2024;PAIEMENT PHARMACIE;110,19;
17/06/2024;PAIEMENT PAR CARTE SUPERMARCHÉ;105,04;
17/06/2024;RETRAIT DAB;81,49;
18/06/2024;PAIEMENT RESTAURANT;50,09;
18/06/2024;ABONNEMENT NETFLIX;62,66;
18/06/2024;PAIEMENT PAR CARTE SUPERMARCHÉ;101,17;
19/06/2024;PAIEMENT PAR CARTE SUPERMARCHÉ;47,27;
20/06/2024;DONS ASSOCIATION;26,15;
21/06/2024;PAIEMENT PHARMACIE;5,14;
22/06/2024;PAIEMENT PAR CARTE SUPERMARCHÉ;93,33;
22/06/2024;PAIEMENT PAR CARTE SUPERMARCHÉ;86,50;
23/06/2024;RETRAIT DAB;34,96;
23/06/2024;PAIEMENT RESTAURANT;32,48;
24/06/2024;PAIEMENT PAR CARTE SUPERMARCHÉ;52,23;
24/06/2024;PAIEMENT RESTAURANT;5,62;
24/06/2024;RETRAIT DAB;41,95;
25/06/2024;VERSEMENT SALAIRE;;2344,56
26/06/2024;DONS ASSOCIATION;99,68;
26/06/2024;DONS ASSOCIATION;98,45;
26/06/2024;PAIEMENT PAR CARTE SUPERMARCHÉ;85,74;
27/06/2024;PAIEMENT PAR CARTE SUPERMARCHÉ;67,58;
27/06/2024;RETRAIT DAB;93,10;
27/06/2024;ACHAT LIBRAIRIE;109,15;
28/06/2024;ACHAT LIBRAIRIE;58,88;
28/06/2024;PAIEMENT PAR CARTE SUPERMARCHÉ;107,49;
29/06/2024;DONS ASSOCIATION;35,79;
29/06/2024;ESSENCE STATION;97,44;
29/06/2024;ACHAT LIBRAIRIE;28,78;
30/06/2024;ACHAT LIBRAIRIE;108,44;
30/06/2024;ABONNEMENT NETFLIX;81,80;
01/07/2024;PAIEMENT PAR CARTE SUPERMARCHÉ;9,61;
01/07/2024;DONS ASSOCIATION;79,41;
01/07/2024;PAIEMENT PAR CARTE SUPERMARCHÉ;24,61;
02/07/2024;ESSENCE STATION;42,97;
02/07/2024;PAIEMENT PAR CARTE SUPERMARCHÉ;16,04;
03/07/2024;PAIEMENT PHARMACIE;43,56;
04/07/2024;DONS ASSOCIATION;28,44;
04/07/2024;PAIEMENT PAR CARTE SUPERMARCHÉ;96,62;
05/07/2024;ESSENCE STATION;40,30;
06/07/2024;ABONNEMENT NETFLIX;37,21;
06/07/2024;ABONNEMENT NETFLIX;71,61;
07/07/2024;PAIEMENT RESTAURANT;57,16;
08/07/2024;ABONNEMENT NETFLIX;65,06;
09/07/2024;ABONNEMENT NETFLIX;35,98;
10/07/2024;ACHAT LIBRAIRIE;20,22;
10/07/2024;PAIEMENT PHARMACIE;105,52;
10/07/2024;ESSENCE STATION;51,52;
11/07/2024;ESSENCE STATION;50,79;
12/07/2024;RETRAIT DAB;107,39;
13/07/2024;DONS ASSOCIATION;43,80;
14/07/2024;PAIEMENT PHARMACIE;76,48;
14/07/2024;ACHAT LIBRAIRIE;51,01;
15/07/2024;ESSENCE STATION;10,35;
15/07/2024;ACHAT LIBRAIRIE;86,10;
15/07/2024;ACHAT LIBRAIRIE;102,17;
16/07/2024;PAIEMENT PHARMACIE;32,45;
17/07/2024;PAIEMENT RESTAURANT;105,00;
17/07/2024;PAIEMENT PAR CARTE SUPERMARCHÉ;53,58;
18/07/2024;ABONNEMENT NETFLIX;101,31;
18/07/2024;PAIEMENT RESTAURANT;28,51;
18/07/2024;RETRAIT DAB;38,50;
19/07/2024;PAIEMENT PAR CARTE SUPERMARCHÉ;18,91;
19/07/2024;PAIEMENT RESTAURANT;62,31;
20/07/2024;PAIEMENT RESTAURANT;53,53;
21/07/2024;PAIEMENT PAR CARTE SUPERMARCHÉ;22,36;
21/07/2024;PAIEMENT PHARMACIE;66,92;
21/07/2024;PAIEMENT PAR CARTE SUPERMARCHÉ;58,96;
22/07/2024;RETRAIT DAB;33,75;
23/07/2024;PAIEMENT RESTAURANT;15,34;
23/07/2024;ESSENCE STATION;107,74;
24/07/2024;DONS ASSOCIATION;18,36;
24/07/2024;ACHAT LIBRAIRIE;44,32;
25/07/2024;VERSEMENT SALAIRE;;2234,63
25/07/2024;VERSEMENT SALAIRE;;1687,29
26/07/2024;ESSENCE STATION;99,23;
26/07/2024;PAIEMENT PAR CARTE SUPERMARCHÉ;11,26;
27/07/2024;ABONNEMENT NETFLIX;73,52;
28/07/2024;PAIEMENT RESTAURANT;87,58;
28/07/2024;PAIEMENT RESTAURANT;70,07;
29/07/2024;ESSENCE STATION;106,56;
29/07/2024;PAIEMENT PHARMACIE;101,78;
29/07/2024;DONS ASSOCIATION;69,70;
30/07/2024;PAIEMENT PAR CARTE SUPERMARCHÉ;25,71;
31/07/2024;RETRAIT DAB;61,64;
01/08/2024;PAIEMENT PAR CARTE SUPERMARCHÉ;83,66;
01/08/2024;PAIEMENT RESTAURANT;45,90;
02/08/2024;PAIEMENT PAR CARTE SUPERMARCHÉ;86,81;
02/08/2024;PAIEMENT RESTAURANT;38,15;
02/08/2024;ACHAT LIBRAIRIE;78,32;
03/08/2024;ACHAT LIBRAIRIE;71,10;
03/08/2024;ABONNEMENT NETFLIX;6,21;
04/08/2024;ACHAT LIBRAIRIE;7,39;
04/08/2024;ACHAT LIBRAIRIE;70,21;
04/08/2024;ACHAT LIBRAIRIE;61,25;
05/08/2024;PAIEMENT PHARMACIE;106,59;
05/08/2024;ABONNEMENT NETFLIX;91,68;
06/08/2024;ESSENCE STATION;53,61;
07/08/2024;PAIEMENT PHARMACIE;29,50;
08/08/2024;DONS ASSOCIATION;25,85;
08/08/2024;ACHAT LIBRAIRIE;31,90;
08/08/2024;ACHAT LIBRAIRIE;26,70;
09/08/2024;ESSENCE STATION;36,39;
10/08/2024;ABONNEMENT NETFLIX;88,37;
10/08/2024;ACHAT LIBRAIRIE;94,17;
10/08/2024;RETRAIT DAB;5,26;
11/08/2024;ABONNEMENT NETFLIX;73,78;
12/08/2024;DONS ASSOCIATION;101,99;
12/08/2024;PAIEMENT RESTAURANT;18,52;
13/08/2024;ACHAT LIBRAIRIE;12,32;
14/08/2024;PAIEMENT RESTAURANT;19,44;
14/08/2024;PAIEMENT RESTAURANT;49,07;
14/08/2024;PAIEMENT PAR CARTE SUPERMARCHÉ;50,71;
15/08/2024;ACHAT LIBRAIRIE;92,06;
15/08/2024;PAIEMENT PHARMACIE;86,25;
15/08/2024;DONS ASSOCIATION;18,57;
16/08/2024;ACHAT LIBRAIRIE;4,26;
16/08/2024;ACHAT LIBRAIRIE;82,05;
16/08/2024;RETRAIT DAB;95,36;
17/08/2024;PAIEMENT PAR CARTE SUPERMARCHÉ;13,81;
17/08/2024;ESSENCE STATION;26,48;
18/08/2024;PAIEMENT RESTAURANT;96,27;
18/08/2024;ESSENCE STATION;74,60;
19/08/2024;RETRAIT DAB;99,19;
19/08/2024;PAIEMENT PAR CARTE SUPERMARCHÉ;65,52;
19/08/2024;PAIEMENT PHARMACIE;27,50;
20/08/2024;ESSENCE STATION;87,61;
20/08/2024;DONS ASSOCIATION;9,88;
21/08/2024;ACHAT LIBRAIRIE;85,25;
21/08/2024;ACHAT LIBRAIRIE;63,04;
21/08/2024;ABONNEMENT NETFLIX;102,44;
22/08/2024;ABONNEMENT NETFLIX;9,65;
23/08/2024;PAIEMENT PHARMACIE;61,91;
23/08/2024;RETRAIT DAB;65,66;
24/08/2024;PAIEMENT PAR CARTE SUPERMARCHÉ;99,00;
25/08/2024;VERSEMENT SALAIRE;;1656,21
25/08/2024;VERSEMENT SALAIRE;;2025,47
25/08/2024;VERSEMENT SALAIRE;;2451,16
26/08/2024;PAIEMENT PAR CARTE SUPERMARCHÉ;7,31;
26/08/2024;ABONNEMENT NETFLIX;68,82;
26/08/2024;PAIEMENT PAR CARTE SUPERMARCHÉ;49,30;
27/08/2024;ESSENCE STATION;71,90;
28/08/2024;PAIEMENT PAR CARTE SUPERMARCHÉ;107,75;
29/08/2024;ABONNEMENT NETFLIX;106,11;
29/08/2024;RETRAIT DAB;66,26;
29/08/2024;DONS ASSOCIATION;53,04;
30/08/2024;ABONNEMENT NETFLIX;15,98;
30/08/2024;PAIEMENT PHARMACIE;81,38;
30/08/2024;PAIEMENT RESTAURANT;24,53;
31/08/2024;ESSENCE STATION;71,78;
31/08/2024;ACHAT LIBRAIRIE;34,76;
31/08/2024;ESSENCE STATION;55,44;
01/09/2024;PAIEMENT PHARMACIE;37,91;
01/09/2024;ACHAT LIBRAIRIE;109,00;
01/09/2024;RETRAIT DAB;32,15;
02/09/2024;ESSENCE STATION;95,04;
02/09/2024;PAIEMENT RESTAURANT;51,51;
02/09/2024;PAIEMENT PAR CARTE SUPERMARCHÉ;44,71;
03/09/2024;DONS ASSOCIATION;10,29;
03/09/2024;ACHAT LIBRAIRIE;55,55;
04/09/2024;DONS ASSOCIATION;21,26;
04/09/2024;ACHAT LIBRAIRIE;55,44;
04/09/2024;ACHAT LIBRAIRIE;44,43;
05/09/2024;PAIEMENT RESTAURANT;98,61;
06/09/2024;PAIEMENT RESTAURANT;32,60;
06/09/2024;PAIEMENT PHARMACIE;38,98;
06/09/2024;RETRAIT DAB;9,49;
07/09/2024;ESSENCE STATION;29,25;
07/09/2024;ACHAT LIBRAIRIE;13,39;
07/09/2024;PAIEMENT PHARMACIE;64,87;
08/09/2024;ACHAT LIBRAIRIE;29,73;
08/09/2024;PAIEMENT PAR CARTE SUPERMARCHÉ;28,29;
08/09/2024;PAIEMENT PAR CARTE SUPERMARCHÉ;66,46;
09/09/2024;ESSENCE STATION;66,61;
09/09/2024;DONS ASSOCIATION;73,75;
09/09/2024;DONS ASSOCIATION;22,40;
10/09/2024;ACHAT LIBRAIRIE;110,11;
11/09/2024;PAIEMENT PHARMACIE;99,32;
11/09/2024;DONS ASSOCIATION;100,22;
11/09/2024;ESSENCE STATION;77,80;
12/09/2024;ESSENCE STATION;87,18;
13/09/2024;PAIEMENT PAR CARTE SUPERMARCHÉ;102,08;
13/09/2024;ACHAT LIBRAIRIE;29,19;
14/09/2024;PAIEMENT PHARMACIE;42,26;
15/09/2024;DONS ASSOCIATION;60,13;
15/09/2024;ACHAT LIBRAIRIE;84,20;
15/09/2024;ACHAT LIBRAIRIE;93,35;
16/09/2024;DONS ASSOCIATION;104,88;
16/09/2024;RETRAIT DAB;26,01;
16/09/2024;PAIEMENT PHARMACIE;99,83;
17/09/2024;ESSENCE STATION;106,86;
17/09/2024;PAIEMENT RESTAURANT;71,89;
18/09/2024;ABONNEMENT NETFLIX;10,01;
19/09/2024;ACHAT LIBRAIRIE;34,09;
20/09/2024;ESSENCE STATION;52,74;
21/09/2024;ESSENCE STATION;28,64;
21/09/2024;DONS ASSOCIATION;27,94;
22/09/2024;PAIEMENT PHARMACIE;36,01;
22/09/2024;PAIEMENT PAR CARTE SUPERMARCHÉ;53,89;
22/09/2024;DONS ASSOCIATION;72,93;
23/09/2024;ABONNEMENT NETFLIX;24,65;
23/09/2024;RETRAIT DAB;10,60;
24/09/2024;DONS ASSOCIATION;102,66;
24/09/2024;DONS ASSOCIATION;26,65;
24/09/2024;ABONNEMENT NETFLIX;42,97;
25/09/2024;VERSEMENT SALAIRE;;1761,18
26/09/2024;ACHAT LIBRAIRIE;83,25;
26/09/2024;ABONNEMENT NETFLIX;83,46;
26/09/2024;PAIEMENT RESTAURANT;61,37;
27/09/2024;PAIEMENT RESTAURANT;27,87;
27/09/2024;DONS ASSOCIATION;12,50;
27/09/2024;ABONNEMENT NETFLIX;77,31;
28/09/2024;PAIEMENT PHARMACIE;29,59;
28/09/2024;DONS ASSOCIATION;104,45;
29/09/2024;DONS ASSOCIATION;14,93;
29/09/2024;ACHAT LIBRAIRIE;8,58;
29/09/2024;RETRAIT DAB;9,70;
30/09/2024;ABONNEMENT NETFLIX;70,99;
01/10/2024;ACHAT LIBRAIRIE;107,96;
01/10/2024;ESSENCE STATION;104,54;
01/10/2024;PAIEMENT PHARMACIE;52,09;
02/10/2024;PAIEMENT PAR CARTE SUPERMARCHÉ;77,21;
02/10/2024;PAIEMENT PAR CARTE SUPERMARCHÉ;81,64;
02/10/2024;PAIEMENT PHARMACIE;64,54;
03/10/2024;PAIEMENT RESTAURANT;27,27;
04/10/2024;ACHAT LIBRAIRIE;98,92;
04/10/2024;RETRAIT DAB;8,83;
04/10/2024;DONS ASSOCIATION;43,77;
05/10/2024;DONS ASSOCIATION;18,11;
05/10/2024;ESSENCE STATION;55,15;
05/10/2024;PAIEMENT PHARMACIE;79,91;
06/10/2024;PAIEMENT PHARMACIE;12,04;
06/10/2024;ACHAT LIBRAIRIE;9,73;
06/10/2024;RETRAIT DAB;70,25;
07/10/2024;DONS ASSOCIATION;59,27;
07/10/2024;RETRAIT DAB;77,01;
08/10/2024;ACHAT LIBRAIRIE;73,68;
08/10/2024;PAIEMENT RESTAURANT;86,59;
08/10/2024;RETRAIT DAB;17,40;
09/10/2024;ABONNEMENT NETFLIX;74,38;
09/10/2024;PAIEMENT PHARMACIE;105,89;
09/10/2024;RETRAIT DAB;59,92;
10/10/2024;ACHAT LIBRAIRIE;86,41;
10/10/2024;ACHAT LIBRAIRIE;45,36;
11/10/2024;PAIEMENT PAR CARTE SUPERMARCHÉ;84,90;
12/10/2024;PAIEMENT RESTAURANT;34,06;
12/10/2024;ABONNEMENT NETFLIX;110,65;
13/10/2024;RETRAIT DAB;43,70;
14/10/2024;RETRAIT DAB;59,84;
14/10/2024;DONS ASSOCIATION;92,67;
14/10/2024;ABONNEMENT NETFLIX;68,45;
15/10/2024;RETRAIT DAB;9,78;
16/10/2024;PAIEMENT PAR CARTE SUPERMARCHÉ;26,40;
17/10/2024;PAIEMENT PAR CARTE SUPERMARCHÉ;32,54;
18/10/2024;PAIEMENT PAR CARTE SUPERMARCHÉ;100,59;
18/10/2024;ABONNEMENT NETFLIX;49,89;
18/10/2024;PAIEMENT PAR CARTE SUPERMARCHÉ;25,39;
19/10/2024;PAIEMENT PAR CARTE SUPERMARCHÉ;5,66;
20/10/2024;ACHAT LIBRAIRIE;24,15;
21/10/2024;RETRAIT DAB;70,73;
21/10/2024;PAIEMENT PAR CARTE SUPERMARCHÉ;88,14;
21/10/2024;DONS ASSOCIATION;13,43;
22/10/2024;PAIEMENT RESTAURANT;95,01;
22/10/2024;ACHAT LIBRAIRIE;46,66;
23/10/2024;DONS ASSOCIATION;45,59;
24/10/2024;RETRAIT DAB;26,23;
25/10/2024;VERSEMENT SALAIRE;;2416,84
26/10/2024;PAIEMENT PAR CARTE SUPERMARCHÉ;104,54;
26/10/2024;ACHAT LIBRAIRIE;25,26;
27/10/2024;PAIEMENT PHARMACIE;10,95;
27/10/2024;PAIEMENT PHARMACIE;80,43;
28/10/2024;ACHAT LIBRAIRIE;50,55;
28/10/2024;PAIEMENT RESTAURANT;48,74;
28/10/2024;DONS ASSOCIATION;78,25;
29/10/2024;PAIEMENT PHARMACIE;53,59;
29/10/2024;RETRAIT DAB;21,49;
29/10/2024;PAIEMENT RESTAURANT;108,47;
30/10/2024;ACHAT LIBRAIRIE;82,54;
30/10/2024;DONS ASSOCIATION;24,90;
30/10/2024;ABONNEMENT NETFLIX;21,76;
31/10/2024;DONS ASSOCIATION;87,41;
01/11/2024;PAIEMENT RESTAURANT;25,02;
01/11/2024;PAIEMENT PHARMACIE;105,21;
01/11/2024;DONS ASSOCIATION;108,27;
02/11/2024;PAIEMENT PHARMACIE;90,84;
02/11/2024;ACHAT LIBRAIRIE;3,96;
03/11/2024;PAIEMENT PHARMACIE;30,35;
04/11/2024;ABONNEMENT NETFLIX;27,29;
04/11/2024;RETRAIT DAB;11,45;
04/11/2024;PAIEMENT RESTAURANT;71,61;
05/11/2024;ESSENCE STATION;44,06;
06/11/2024;ABONNEMENT NETFLIX;29,46;
07/11/2024;RETRAIT DAB;8,38;
07/11/2024;DONS ASSOCIATION;13,59;
08/11/2024;RETRAIT DAB;99,34;
08/11/2024;PAIEMENT PHARMACIE;29,41;
09/11/2024;PAIEMENT RESTAURANT;68,72;
10/11/2024;ACHAT LIBRAIRIE;38,54;
10/11/2024;DONS ASSOCIATION;23,40;
11/11/2024;ESSENCE STATION;54,07;
12/11/2024;ESSENCE STATION;76,03;
12/11/2024;ABONNEMENT NETFLIX;11,87;
13/11/2024;PAIEMENT RESTAURANT;34,15;
14/11/2024;ABONNEMENT NETFLIX;33,73;
15/11/2024;ESSENCE STATION;97,90;
16/11/2024;ABONNEMENT NETFLIX;28,26;
17/11/2024;PAIEMENT PHARMACIE;42,52;
17/11/2024;PAIEMENT PAR CARTE SUPERMARCHÉ;34,23;
18/11/2024;RETRAIT DAB;100,21;
18/11/2024;PAIEMENT PAR CARTE SUPERMARCHÉ;109,60;
19/11/2024;PAIEMENT RESTAURANT;60,08;
19/11/2024;DONS ASSOCIATION;34,94;
20/11/2024;RETRAIT DAB;46,60;
20/11/2024;RETRAIT DAB;36,22;
20/11/2024;RETRAIT DAB;45,08;
21/11/2024;RETRAIT DAB;47,03;
21/11/2024;ABONNEMENT NETFLIX;66,06;
21/11/2024;PAIEMENT PHARMACIE;63,84;
22/11/2024;PAIEMENT PHARMACIE;110,18;
22/11/2024;DONS ASSOCIATION;24,43;
22/11/2024;ABONNEMENT NETFLIX;48,43;
23/11/2024;ACHAT LIBRAIRIE;54,65;
23/11/2024;DONS ASSOCIATION;4,69;
23/11/2024;PAIEMENT PAR CARTE SUPERMARCHÉ;100,64;
24/11/2024;DONS ASSOCIATION;11,79;
24/11/2024;PAIEMENT PHARMACIE;14,26;
25/11/2024;VERSEMENT SALAIRE;;1907,62
26/11/2024;ESSENCE STATION;11,78;
26/11/2024;ABONNEMENT NETFLIX;98,19;
27/11/2024;DONS ASSOCIATION;64,27;
27/11/2024;PAIEMENT PAR CARTE SUPERMARCHÉ;14,26;
27/11/2024;ACHAT LIBRAIRIE;12,01;
28/11/2024;DONS ASSOCIATION;6,22;
28/11/2024;ABONNEMENT NETFLIX;80,59;
29/11/2024;RETRAIT DAB;49,81;
30/11/2024;PAIEMENT RESTAURANT;77,65;
30/11/2024;DONS ASSOCIATION;16,97;
30/11/2024;RETRAIT DAB;11,44;
01/12/2024;PAIEMENT RESTAURANT;46,31;
01/12/2024;ABONNEMENT NETFLIX;84,66;
01/12/2024;ESSENCE STATION;32,26;
02/12/2024;RETRAIT DAB;56,11;
02/12/2024;ACHAT LIBRAIRIE;104,77;
02/12/2024;ACHAT LIBRAIRIE;74,97;
03/12/2024;RETRAIT DAB;68,02;
03/12/2024;ABONNEMENT NETFLIX;98,78;
04/12/2024;PAIEMENT PHARMACIE;77,30;
04/12/2024;ESSENCE STATION;71,42;
05/12/2024;PAIEMENT PAR CARTE SUPERMARCHÉ;29,64;
05/12/2024;ACHAT LIBRAIRIE;58,96;
05/12/2024;DONS ASSOCIATION;29,92;
06/12/2024;ACHAT LIBRAIRIE;11,48;
07/12/2024;ESSENCE STATION;87,60;
08/12/2024;RETRAIT DAB;98,86;
09/12/2024;PAIEMENT PAR CARTE SUPERMARCHÉ;90,64;
09/12/2024;ACHAT LIBRAIRIE;17,75;
10/12/2024;PAIEMENT PHARMACIE;59,86;
10/12/2024;RETRAIT DAB;23,15;
10/12/2024;PAIEMENT PHARMACIE;99,65;
11/12/2024;DONS ASSOCIATION;94,13;
12/12/2024;ACHAT LIBRAIRIE;18,11;
12/12/2024;PAIEMENT PHARMACIE;60,57;
12/12/2024;ESSENCE STATION;82,28;
13/12/2024;DONS ASSOCIATION;37,31;
14/12/2024;RETRAIT DAB;41,60;
15/12/2024;DONS ASSOCIATION;81,38;
16/12/2024;PAIEMENT PAR CARTE SUPERMARCHÉ;37,76;
16/12/2024;PAIEMENT RESTAURANT;79,35;
16/12/2024;PAIEMENT RESTAURANT;30,48;
17/12/2024;ACHAT LIBRAIRIE;63,26;
17/12/2024;PAIEMENT RESTAURANT;15,31;
18/12/2024;RETRAIT DAB;87,68;
18/12/2024;DONS ASSOCIATION;21,07;
19/12/2024;ESSENCE STATION;61,21;
19/12/2024;ABONNEMENT NETFLIX;23,60;
19/12/2024;RETRAIT DAB;105,80;
20/12/2024;PAIEMENT PHARMACIE;14,10;
21/12/2024;DONS ASSOCIATION;37,53;
22/12/2024;PAIEMENT PHARMACIE;51,23;
23/12/2024;ESSENCE STATION;96,35;
24/12/2024;PAIEMENT RESTAURANT;69,48;
25/12/2024;VERSEMENT SALAIRE;;2056,87
25/12/2024;VERSEMENT SALAIRE;;1803,24
25/12/2024;VERSEMENT SALAIRE;;1431,30
26/12/2024;PAIEMENT PAR CARTE SUPERMARCHÉ;30,23;
26/12/2024;DONS ASSOCIATION;60,43;
26/12/2024;PAIEMENT RESTAURANT;102,70;
27/12/2024;PAIEMENT RESTAURANT;95,17;
27/12/2024;ABONNEMENT NETFLIX;38,94;
27/12/2024;ABONNEMENT NETFLIX;24,32;
28/12/2024;DONS ASSOCIATION;94,01;
29/12/2024;ABONNEMENT NETFLIX;34,49;
30/12/2024;PAIEMENT RESTAURANT;46,44;
30/12/2024;PAIEMENT PHARMACIE;23,94;
30/12/2024;PAIEMENT PAR CARTE SUPERMARCHÉ;62,71;
31/12/2024;ABONNEMENT NETFLIX;81,87;
31/12/2024;ACHAT LIBRAIRIE;88,22;
31/12/2024;PAIEMENT PHARMACIE;28,57;
01/01/2025;ACHAT LIBRAIRIE;9,65;
01/01/2025;ESSENCE STATION;18,95;
02/01/2025;ABONNEMENT NETFLIX;68,24;
02/01/2025;DONS ASSOCIATION;74,95;
03/01/2025;ESSENCE STATION;49,59;
03/01/2025;RETRAIT DAB;84,62;
04/01/2025;ESSENCE STATION;61,85;
04/01/2025;DONS ASSOCIATION;96,45;
05/01/2025;DONS ASSOCIATION;62,23;
05/01/2025;ABONNEMENT NETFLIX;58,88;
06/01/2025;DONS ASSOCIATION;69,23;
07/01/2025;RETRAIT DAB;76,08;
07/01/2025;PAIEMENT RESTAURANT;66,79;
08/01/2025;PAIEMENT PHARMACIE;47,55;
09/01/2025;ABONNEMENT NETFLIX;95,04;
09/01/2025;DONS ASSOCIATION;85,79;
10/01/2025;PAIEMENT RESTAURANT;15,67;
11/01/2025;RETRAIT DAB;90,92;
12/01/2025;ABONNEMENT NETFLIX;19,15;
12/01/2025;PAIEMENT PAR CARTE SUPERMARCHÉ;102,28;
13/01/2025;RETRAIT DAB;34,56;
14/01/2025;ESSENCE STATION;68,87;
14/01/2025;RETRAIT DAB;94,73;
15/01/2025;ACHAT LIBRAIRIE;33,81;
16/01/2025;PAIEMENT PHARMACIE;74,85;
16/01/2025;DONS ASSOCIATION;8,60;
17/01/2025;PAIEMENT RESTAURANT;92,40;
17/01/2025;ESSENCE STATION;69,22;
18/01/2025;ESSENCE STATION;52,44;
18/01/2025;DONS ASSOCIATION;97,26;
18/01/2025;DONS ASSOCIATION;79,22;
19/01/2025;PAIEMENT PAR CARTE SUPERMARCHÉ;3,91;
19/01/2025;DONS ASSOCIATION;30,23;
19/01/2025;DONS ASSOCIATION;35,21;
20/01/2025;DONS ASSOCIATION;31,80;
20/01/2025;PAIEMENT RESTAURANT;11,60;
21/01/2025;RETRAIT DAB;87,85;
22/01/2025;PAIEMENT PHARMACIE;64,25;
23/01/2025;PAIEMENT RESTAURANT;104,74;
23/01/2025;ACHAT LIBRAIRIE;107,35;
23/01/2025;PAIEMENT RESTAURANT;42,04;
24/01/2025;ESSENCE STATION;81,38;
25/01/2025;VERSEMENT SALAIRE;;2201,75
26/01/2025;RETRAIT DAB;86,31;
26/01/2025;ACHAT LIBRAIRIE;63,01;
27/01/2025;DONS ASSOCIATION;81,75;
28/01/2025;DONS ASSOCIATION;84,20;
28/01/2025;PAIEMENT PHARMACIE;96,54;
28/01/2025;DONS ASSOCIATION;37,50;
29/01/2025;ESSENCE STATION;110,46;
29/01/2025;ESSENCE STATION;107,42;
29/01/2025;ABONNEMENT NETFLIX;46,99;
30/01/2025;PAIEMENT RESTAURANT;65,18;
30/01/2025;PAIEMENT RESTAURANT;34,80;
30/01/2025;ESSENCE STATION;11,81;
31/01/2025;PAIEMENT PHARMACIE;33,66;
01/02/2025;RETRAIT DAB;68,93;
01/02/2025;ESSENCE STATION;8,48;
01/02/2025;ACHAT LIBRAIRIE;74,62;
02/02/2025;RETRAIT DAB;94,17;
02/02/2025;ACHAT LIBRAIRIE;41,44;
02/02/2025;PAIEMENT PHARMACIE;109,68;
03/02/2025;ABONNEMENT NETFLIX;16,77;
03/02/2025;ABONNEMENT NETFLIX;99,83;
03/02/2025;PAIEMENT PAR CARTE SUPERMARCHÉ;25,78;
04/02/2025;PAIEMENT PHARMACIE;66,73;
04/02/2025;ABONNEMENT NETFLIX;38,88;
04/02/2025;ACHAT LIBRAIRIE;35,73;
05/02/2025;ACHAT LIBRAIRIE;67,63;
05/02/2025;ACHAT LIBRAIRIE;50,05;
05/02/2025;PAIEMENT PHARMACIE;78,40;
06/02/2025;PAIEMENT RESTAURANT;58,65;
06/02/2025;ACHAT LIBRAIRIE;81,04;
06/02/2025;PAIEMENT PHARMACIE;95,07;
07/02/2025;DONS ASSOCIATION;105,12;
07/02/2025;PAIEMENT PAR CARTE SUPERMARCHÉ;85,65;
07/02/2025;PAIEMENT PHARMACIE;8,14;
08/02/2025;PAIEMENT PAR CARTE SUPERMARCHÉ;109,66;
08/02/2025;PAIEMENT PHARMACIE;22,87;
09/02/2025;PAIEMENT RESTAURANT;19,88;
10/02/2025;PAIEMENT PAR CARTE SUPERMARCHÉ;73,28;
10/02/2025;DONS ASSOCIATION;37,85;
11/02/2025;PAIEMENT RESTAURANT;90,63;
11/02/2025;PAIEMENT PHARMACIE;11,08;
11/02/2025;ESSENCE STATION;24,92;
12/02/2025;PAIEMENT RESTAURANT;21,64;
13/02/2025;ESSENCE STATION;89,61;
14/02/2025;PAIEMENT RESTAURANT;15,07;
14/02/2025;DONS ASSOCIATION;77,24;
14/02/2025;RETRAIT DAB;78,15;
15/02/2025;ABONNEMENT NETFLIX;85,62;
16/02/2025;PAIEMENT PHARMACIE;76,23;
16/02/2025;ESSENCE STATION;102,67;
17/02/2025;PAIEMENT RESTAURANT;10,06;
17/02/2025;ACHAT LIBRAIRIE;61,69;
17/02/2025;PAIEMENT PAR CARTE SUPERMARCHÉ;13,53;
18/02/2025;DONS ASSOCIATION;88,47;
19/02/2025;ESSENCE STATION;31,69;
19/02/2025;ESSENCE STATION;83,31;
20/02/2025;ESSENCE STATION;96,88;
21/02/2025;ACHAT LIBRAIRIE;105,89;
22/02/2025;RETRAIT DAB;68,47;
23/02/2025;ABONNEMENT NETFLIX;16,87;
24/02/2025;ESSENCE STATION;3,69;
25/02/2025;VERSEMENT SALAIRE;;2407,08
25/02/2025;VERSEMENT SALAIRE;;1204,02
25/02/2025;VERSEMENT SALAIRE;;1484,16
26/02/2025;PAIEMENT PHARMACIE;5,47;
27/02/2025;ABONNEMENT NETFLIX;94,97;
27/02/2025;PAIEMENT PAR CARTE SUPERMARCHÉ;95,40;
28/02/2025;RETRAIT DAB;15,61;
28/02/2025;PAIEMENT PAR CARTE SUPERMARCHÉ;65,49;
01/03/2025;ESSENCE STATION;65,86;
01/03/2025;RETRAIT DAB;25,47;
01/03/2025;ACHAT LIBRAIRIE;84,53;
02/03/2025;PAIEMENT PAR CARTE SUPERMARCHÉ;43,18;
02/03/2025;PAIEMENT PHARMACIE;66,75;
03/03/2025;ACHAT LIBRAIRIE;8,27;
03/03/2025;ESSENCE STATION;86,69;
04/03/2025;ABONNEMENT NETFLIX;43,89;
05/03/2025;ACHAT LIBRAIRIE;47,75;
06/03/2025;ABONNEMENT NETFLIX;110,42;
06/03/2025;PAIEMENT PAR CARTE SUPERMARCHÉ;24,07;
07/03/2025;PAIEMENT RESTAURANT;108,72;
07/03/2025;ESSENCE STATION;74,24;
08/03/2025;ABONNEMENT NETFLIX;92,50;
09/03/2025;ACHAT LIBRAIRIE;82,13;
09/03/2025;DONS ASSOCIATION;18,35;
10/03/2025;DONS ASSOCIATION;53,26;
11/03/2025;PAIEMENT RESTAURANT;27,16;
11/03/2025;PAIEMENT PHARMACIE;22,38;
11/03/2025;PAIEMENT PAR CARTE SUPERMARCHÉ;18,69;
12/03/2025;PAIEMENT RESTAURANT;31,25;
12/03/2025;PAIEMENT PAR CARTE SUPERMARCHÉ;56,81;
12/03/2025;ACHAT LIBRAIRIE;51,82;
13/03/2025;PAIEMENT RESTAURANT;19,06;
14/03/2025;DONS ASSOCIATION;44,77;
15/03/2025;RETRAIT DAB;60,43;
15/03/2025;ESSENCE STATION;92,44;
15/03/2025;ABONNEMENT NETFLIX;76,52;
16/03/2025;PAIEMENT PAR CARTE SUPERMARCHÉ;96,02;
17/03/2025;PAIEMENT PHARMACIE;65,80;
17/03/2025;DONS ASSOCIATION;62,12;
17/03/2025;DONS ASSOCIATION;69,96;
18/03/2025;PAIEMENT PHARMACIE;43,12;
18/03/2025;PAIEMENT PAR CARTE SUPERMARCHÉ;28,46;
18/03/2025;DONS ASSOCIATION;38,95;
19/03/2025;PAIEMENT RESTAURANT;15,91;
19/03/2025;PAIEMENT RESTAURANT;31,64;
20/03/2025;RETRAIT DAB;107,75;
20/03/2025;ABONNEMENT NETFLIX;107,49;
20/03/2025;DONS ASSOCIATION;36,15;
21/03/2025;ACHAT LIBRAIRIE;6,91;
21/03/2025;PAIEMENT PHARMACIE;57,74;
22/03/2025;RETRAIT DAB;68,28;
23/03/2025;PAIEMENT PAR CARTE SUPERMARCHÉ;37,21;
24/03/2025;RETRAIT DAB;43,11;
24/03/2025;RETRAIT DAB;19,32;
25/03/2025;VERSEMENT SALAIRE;;1805,88
25/03/2025;VERSEMENT SALAIRE;;1926,56
25/03/2025;VERSEMENT SALAIRE;;2034,18
26/03/2025;PAIEMENT PHARMACIE;9,92;
27/03/2025;PAIEMENT PHARMACIE;38,95;
27/03/2025;RETRAIT DAB;57,71;
28/03/2025;PAIEMENT PHARMACIE;95,72;
28/03/2025;ACHAT LIBRAIRIE;95,43;
29/03/2025;ABONNEMENT NETFLIX;24,82;
30/03/2025;DONS ASSOCIATION;101,35;
31/03/2025;PAIEMENT PHARMACIE;22,69;
31/03/2025;ESSENCE STATION;45,71;
31/03/2025;RETRAIT DAB;105,91;
01/04/2025;ACHAT LIBRAIRIE;44,73;
02/04/2025;PAIEMENT PHARMACIE;24,52;
02/04/2025;PAIEMENT PAR CARTE SUPERMARCHÉ;64,45;
02/04/2025;PAIEMENT PHARMACIE;94,33;
03/04/2025;RETRAIT DAB;65,07;
03/04/2025;DONS ASSOCIATION;74,34;
04/04/2025;DONS ASSOCIATION;110,48;
04/04/2025;ESSENCE STATION;79,24;
05/04/2025;PAIEMENT PAR CARTE SUPERMARCHÉ;108,13;
06/04/2025;PAIEMENT PHARMACIE;58,71;
06/04/2025;PAIEMENT PAR CARTE SUPERMARCHÉ;57,54;
06/04/2025;PAIEMENT RESTAURANT;77,89;
07/04/2025;ACHAT LIBRAIRIE;81,80;
08/04/2025;PAIEMENT RESTAURANT;91,23;
09/04/2025;RETRAIT DAB;68,63;
09/04/2025;DONS ASSOCIATION;7,89;
10/04/2025;PAIEMENT PHARMACIE;38,44;
10/04/2025;ABONNEMENT NETFLIX;44,91;
11/04/2025;PAIEMENT PAR CARTE SUPERMARCHÉ;81,75;
12/04/2025;PAIEMENT RESTAURANT;98,84;
13/04/2025;ABONNEMENT NETFLIX;74,76;
13/04/2025;ABONNEMENT NETFLIX;62,37;
14/04/2025;ABONNEMENT NETFLIX;72,39;
14/04/2025;PAIEMENT PHARMACIE;68,84;
15/04/2025;RETRAIT DAB;59,60;
15/04/2025;ESSENCE STATION;76,74;
16/04/2025;ABONNEMENT NETFLIX;49,87;
16/04/2025;RETRAIT DAB;18,32;
17/04/2025;RETRAIT DAB;26,90;
18/04/2025;ESSENCE STATION;16,34;
18/04/2025;ESSENCE STATION;50,48;
19/04/2025;ESSENCE STATION;102,33;
20/04/2025;DONS ASSOCIATION;90,10;
20/04/2025;ABONNEMENT NETFLIX;45,02;
20/04/2025;ACHAT LIBRAIRIE;89,32;
21/04/2025;PAIEMENT RESTAURANT;70,78;
21/04/2025;ACHAT LIBRAIRIE;75,58;
21/04/2025;RETRAIT DAB;33,46;
22/04/2025;PAIEMENT PHARMACIE;6,58;
22/04/2025;PAIEMENT RESTAURANT;60,43;
23/04/2025;ESSENCE STATION;82,14;
23/04/2025;ESSENCE STATION;15,38;
23/04/2025;DONS ASSOCIATION;44,09;
24/04/2025;ACHAT LIBRAIRIE;99,23;
24/04/2025;PAIEMENT PHARMACIE;34,26;
25/04/2025;VERSEMENT SALAIRE;;1746,57
25/04/2025;VERSEMENT SALAIRE;;2245,67
25/04/2025;VERSEMENT SALAIRE;;2147,06
26/04/2025;ACHAT LIBRAIRIE;57,03;
26/04/2025;ACHAT LIBRAIRIE;74,15;
27/04/2025;ABONNEMENT NETFLIX;61,66;
27/04/2025;ESSENCE STATION;63,47;
27/04/2025;ACHAT LIBRAIRIE;79,84;
28/04/2025;PAIEMENT PAR CARTE SUPERMARCHÉ;70,06;
29/04/2025;ACHAT LIBRAIRIE;39,78;
29/04/2025;PAIEMENT PAR CARTE SUPERMARCHÉ;49,50;
29/04/2025;DONS ASSOCIATION;24,57;
30/04/2025;RETRAIT DAB;79,71;
30/04/2025;ABONNEMENT NETFLIX;57,55;
30/04/2025;PAIEMENT PAR CARTE SUPERMARCHÉ;89,35;
01/05/2025;PAIEMENT PAR CARTE SUPERMARCHÉ;58,49;
01/05/2025;ACHAT LIBRAIRIE;74,62;
01/05/2025;PAIEMENT RESTAURANT;33,39;
02/05/2025;ABONNEMENT NETFLIX;86,96;
03/05/2025;PAIEMENT RESTAURANT;5,65;
03/05/2025;PAIEMENT PAR CARTE SUPERMARCHÉ;63,78;
03/05/2025;RETRAIT DAB;29,57;
04/05/2025;PAIEMENT PAR CARTE SUPERMARCHÉ;98,85;
04/05/2025;ACHAT LIBRAIRIE;52,75;
05/05/2025;ABONNEMENT NETFLIX;85,41;
05/05/2025;ESSENCE STATION;6,91;
06/05/2025;ESSENCE STATION;70,86;
07/05/2025;PAIEMENT PHARMACIE;33,43;
07/05/2025;PAIEMENT PAR CARTE SUPERMARCHÉ;89,35;
07/05/2025;ACHAT LIBRAIRIE;36,56;
08/05/2025;PAIEMENT PAR CARTE SUPERMARCHÉ;53,41;
08/05/2025;PAIEMENT PHARMACIE;23,33;
08/05/2025;RETRAIT DAB;22,02;
09/05/2025;PAIEMENT PHARMACIE;78,18;
09/05/2025;PAIEMENT PAR CARTE SUPERMARCHÉ;12,51;
09/05/2025;PAIEMENT RESTAURANT;87,34;
10/05/2025;RETRAIT DAB;30,36;
10/05/2025;PAIEMENT PHARMACIE;75,92;
11/05/2025;PAIEMENT PHARMACIE;13,38;
11/05/2025;DONS ASSOCIATION;7,97;
11/05/2025;ABONNEMENT NETFLIX;22,65;
12/05/2025;PAIEMENT PHARMACIE;17,86;
12/05/2025;ESSENCE STATION;82,22;
13/05/2025;RETRAIT DAB;93,39;
13/05/2025;ACHAT LIBRAIRIE;77,52;
14/05/2025;PAIEMENT PAR CARTE SUPERMARCHÉ;26,64;
14/05/2025;PAIEMENT RESTAURANT;55,12;
14/05/2025;PAIEMENT PHARMACIE;28,72;
15/05/2025;ABONNEMENT NETFLIX;76,45;
16/05/2025;PAIEMENT RESTAURANT;10,31;
16/05/2025;ACHAT LIBRAIRIE;7,51;
17/05/2025;RETRAIT DAB;87,21;
17/05/2025;ESSENCE STATION;60,80;
18/05/2025;PAIEMENT RESTAURANT;67,60;
19/05/2025;PAIEMENT PHARMACIE;65,10;
19/05/2025;PAIEMENT RESTAURANT;18,94;
19/05/2025;DONS ASSOCIATION;54,98;
20/05/2025;RETRAIT DAB;53,53;
20/05/2025;PAIEMENT RESTAURANT;9,08;
20/05/2025;PAIEMENT RESTAURANT;82,30;
21/05/2025;ESSENCE STATION;11,60;
21/05/2025;RETRAIT DAB;56,87;
22/05/2025;PAIEMENT PAR CARTE SUPERMARCHÉ;72,05;
22/05/2025;DONS ASSOCIATION;102,18;
23/05/2025;PAIEMENT RESTAURANT;99,43;
